id_asn,id_jabatan,jobfit_label
ASN0001,J015,71.6937227479348
ASN0001,J029,63.04129548537479
ASN0001,J013,57.09244449452097
ASN0001,J009,70.33822630998574
ASN0001,J021,52.6955227534026
ASN0001,J027,70.2944821098576
ASN0001,J017,61.050428716587255
ASN0001,J019,59.33974177550511
ASN0002,J016,77.80496486191332
ASN0002,J013,67.13410020311875
ASN0002,J005,75.92953397201578
ASN0002,J006,75.07540662655288
ASN0002,J026,80.43242399816711
ASN0002,J011,64.78533516125725
ASN0002,J028,77.79311324917869
ASN0002,J024,67.10854259696208
ASN0003,J014,58.23375422887739
ASN0003,J012,62.900067804024765
ASN0003,J026,43.16610743746442
ASN0003,J020,47.80369279397052
ASN0003,J008,47.77766728883099
ASN0003,J025,56.07848169499237
ASN0003,J005,49.89331587443298
ASN0003,J016,50.54229221433319
ASN0004,J016,48.31666542165251
ASN0004,J013,43.39797340178369
ASN0004,J003,36.06102062430139
ASN0004,J006,49.767198400490685
ASN0004,J001,47.244999702979264
ASN0004,J017,37.499998657401136
ASN0004,J027,46.99890398068922
ASN0004,J029,41.95152926132893
ASN0005,J023,70.94878436726984
ASN0005,J002,86.0207904258611
ASN0005,J022,69.02584370152118
ASN0005,J012,63.8858999562348
ASN0005,J013,77.95567417655292
ASN0005,J004,78.08380980641641
ASN0005,J014,72.39922245225921
ASN0005,J009,76.19247214416055
ASN0006,J004,66.81407018872265
ASN0006,J022,72.98510685539965
ASN0006,J021,70.8341980797757
ASN0006,J013,77.2517427230217
ASN0006,J030,57.034000514047634
ASN0006,J023,73.9551233624647
ASN0006,J008,80.58141445044278
ASN0006,J001,69.81365331634545
ASN0007,J018,75.66052473412256
ASN0007,J009,79.48483970190986
ASN0007,J015,75.08040901001888
ASN0007,J004,81.3452009516081
ASN0007,J028,72.91252940850727
ASN0007,J022,77.02516081813367
ASN0007,J023,78.67533830631268
ASN0007,J019,69.4058756962851
ASN0008,J005,55.04748941930573
ASN0008,J020,61.39728382529913
ASN0008,J008,67.47408065625146
ASN0008,J021,69.17721386434962
ASN0008,J025,46.991822569244995
ASN0008,J018,53.65037807430477
ASN0008,J003,70.7539638078934
ASN0008,J027,62.61473755352119
ASN0009,J016,62.563102604023975
ASN0009,J019,67.0064912060181
ASN0009,J007,63.25175974956596
ASN0009,J003,55.486671599671645
ASN0009,J015,65.71881139369627
ASN0009,J018,68.0856846319422
ASN0009,J011,56.72557748569285
ASN0009,J014,61.14147757758383
ASN0010,J029,60.19743978492848
ASN0010,J003,66.53153511578834
ASN0010,J015,60.9972363202078
ASN0010,J027,65.12236059208568
ASN0010,J017,64.0223731041406
ASN0010,J009,67.37096354407565
ASN0010,J025,69.65640573390505
ASN0010,J018,63.14077903757204
ASN0011,J020,85.76927059541333
ASN0011,J029,86.0967516297465
ASN0011,J021,80.06646659418776
ASN0011,J002,89.27077525513317
ASN0011,J016,82.95799022915753
ASN0011,J014,72.81824729558132
ASN0011,J001,81.70413480989716
ASN0011,J030,79.17677551179544
ASN0012,J030,77.83007658700186
ASN0012,J023,74.26294552217868
ASN0012,J017,74.51341173512422
ASN0012,J013,72.6275666679413
ASN0012,J004,64.48666144612429
ASN0012,J018,74.25548252422257
ASN0012,J028,72.42840876305283
ASN0012,J007,81.38411151613272
ASN0013,J006,70.3612792985559
ASN0013,J019,76.30315108326693
ASN0013,J016,67.15527102270592
ASN0013,J017,72.27393170486725
ASN0013,J026,77.84444060028879
ASN0013,J011,67.84928786033777
ASN0013,J028,66.15515060283035
ASN0013,J015,71.2524125532857
ASN0014,J018,59.702939204139604
ASN0014,J007,59.76686022846564
ASN0014,J012,66.27974962084399
ASN0014,J011,53.69316633389754
ASN0014,J017,51.67227522948055
ASN0014,J030,67.72614343672723
ASN0014,J002,57.05300456963332
ASN0014,J009,52.27495437578108
ASN0015,J005,63.598239302712
ASN0015,J025,56.75832499120175
ASN0015,J024,35.60595059048834
ASN0015,J009,53.881333296580856
ASN0015,J022,50.40416323983719
ASN0015,J020,62.404882869211534
ASN0015,J029,60.4083547332147
ASN0015,J016,60.35994523429605
ASN0016,J009,68.1908456622361
ASN0016,J005,84.5054856027358
ASN0016,J008,74.91580426068224
ASN0016,J013,76.6567129966866
ASN0016,J021,81.61298445790632
ASN0016,J004,75.52323992552391
ASN0016,J025,81.52695858685536
ASN0016,J023,77.28967525741557
ASN0017,J004,60.896021959337375
ASN0017,J013,66.78127527667456
ASN0017,J024,56.14615276052546
ASN0017,J009,64.99974971484001
ASN0017,J019,58.56373529141915
ASN0017,J022,63.510947165524776
ASN0017,J016,67.29565803411218
ASN0017,J014,56.45083584551916
ASN0018,J007,59.17967409890183
ASN0018,J021,59.97652772293494
ASN0018,J003,64.7782976979085
ASN0018,J030,55.22413073802237
ASN0018,J010,50.59775623465623
ASN0018,J027,50.182513930264456
ASN0018,J020,47.252513262064326
ASN0018,J013,55.15616224157816
ASN0019,J024,77.42945719091044
ASN0019,J009,75.0570123771697
ASN0019,J020,72.50835694294729
ASN0019,J021,66.50359347553535
ASN0019,J022,74.49169711192489
ASN0019,J003,78.58250655858839
ASN0019,J013,72.82705243259872
ASN0019,J017,82.19564442441037
ASN0020,J010,64.69887564991929
ASN0020,J005,66.0689391019187
ASN0020,J006,79.6014445143171
ASN0020,J030,51.438440610507314
ASN0020,J017,76.86353961039663
ASN0020,J026,73.81709589520187
ASN0020,J012,65.70074584301105
ASN0020,J014,70.24932113709283
ASN0021,J030,57.69303764299106
ASN0021,J014,60.81450997887899
ASN0021,J016,66.7160314604956
ASN0021,J011,56.7491323962702
ASN0021,J017,68.23311912534884
ASN0021,J018,51.15518003632695
ASN0021,J027,64.70352867390487
ASN0021,J020,60.432641847717186
ASN0022,J013,70.36125316805429
ASN0022,J006,73.83144708432577
ASN0022,J017,68.15239609532358
ASN0022,J025,65.68028769821483
ASN0022,J005,64.25687045011009
ASN0022,J021,57.23240208984022
ASN0022,J024,60.612943845788216
ASN0022,J012,55.13122899262772
ASN0023,J021,74.49039309364133
ASN0023,J017,57.60466831373237
ASN0023,J013,61.483387663873195
ASN0023,J005,67.6289127657426
ASN0023,J018,66.54062913142825
ASN0023,J028,68.23166439444257
ASN0023,J009,62.794541890182344
ASN0023,J020,66.79332788041583
ASN0024,J025,69.8515169969394
ASN0024,J018,45.36577777900865
ASN0024,J024,58.673933064868486
ASN0024,J017,49.33466982774454
ASN0024,J001,56.80698224915217
ASN0024,J006,59.90024019069429
ASN0024,J022,62.376956328844635
ASN0024,J004,62.02685331133273
ASN0025,J004,80.11238998076065
ASN0025,J008,83.05642521380867
ASN0025,J010,87.14819912094991
ASN0025,J011,76.00144253545086
ASN0025,J018,73.06014447740274
ASN0025,J013,89.73016795815516
ASN0025,J025,73.69435281637821
ASN0025,J005,83.96854033966005
ASN0026,J025,56.36567492710439
ASN0026,J010,69.42214844166938
ASN0026,J028,62.417525241530576
ASN0026,J020,62.37745243138127
ASN0026,J017,54.06795641871109
ASN0026,J024,56.35725242605827
ASN0026,J013,60.289066292163696
ASN0026,J022,66.25152303284801
ASN0027,J023,61.33951973052225
ASN0027,J003,77.30758403553985
ASN0027,J014,54.016606670289995
ASN0027,J012,66.1450644298422
ASN0027,J027,66.49642206797724
ASN0027,J026,55.55315856698409
ASN0027,J011,58.94896075067139
ASN0027,J024,46.64741990929433
ASN0028,J021,51.46571286094735
ASN0028,J008,54.80059776251658
ASN0028,J029,69.59076396459476
ASN0028,J011,48.91110848660619
ASN0028,J022,63.64326003290263
ASN0028,J014,53.63523626950952
ASN0028,J013,52.38579578368934
ASN0028,J023,60.35644046059991
ASN0029,J006,69.97851156308181
ASN0029,J005,60.3267550505309
ASN0029,J014,56.04866006792811
ASN0029,J004,64.96627895384543
ASN0029,J030,65.09096358016664
ASN0029,J001,61.045678216881925
ASN0029,J019,61.84800483563454
ASN0029,J007,56.89461872448669
ASN0030,J021,70.27999899463765
ASN0030,J002,78.77205350297193
ASN0030,J009,75.59093148525994
ASN0030,J020,85.25230835531245
ASN0030,J023,80.74481015506271
ASN0030,J027,78.65832075612492
ASN0030,J010,80.33614973699311
ASN0030,J022,83.4475331807474
ASN0031,J018,66.31695673040456
ASN0031,J021,62.96611553504489
ASN0031,J001,75.36216538051897
ASN0031,J008,80.16067978543204
ASN0031,J027,76.07809364045109
ASN0031,J007,72.92457304565595
ASN0031,J009,75.44749455111415
ASN0031,J016,78.288565143956
ASN0032,J008,60.591318081595105
ASN0032,J009,56.75846581287762
ASN0032,J021,63.255949920148886
ASN0032,J025,61.205098626074275
ASN0032,J026,51.48525786869489
ASN0032,J015,53.70233318129696
ASN0032,J003,54.77077941333735
ASN0032,J023,56.813293528292796
ASN0033,J016,70.39874943187098
ASN0033,J019,71.63010848401935
ASN0033,J001,73.75981502425181
ASN0033,J008,64.1442115747086
ASN0033,J024,66.23938278684773
ASN0033,J005,87.92561906589334
ASN0033,J027,76.81265564979701
ASN0033,J022,64.23044125181306
ASN0034,J004,66.75901039477816
ASN0034,J007,62.4244837492484
ASN0034,J020,76.74581612849069
ASN0034,J015,65.57479410278373
ASN0034,J021,63.120037871380774
ASN0034,J017,62.68848408695691
ASN0034,J016,66.08705918256071
ASN0034,J012,62.78547634810918
ASN0035,J020,72.02006181995726
ASN0035,J021,64.61996541015594
ASN0035,J022,63.08143530687008
ASN0035,J018,70.6679254548338
ASN0035,J002,64.58505695236288
ASN0035,J006,74.94176426543511
ASN0035,J012,57.947488334297304
ASN0035,J016,68.35596104650817
ASN0036,J022,68.54032976142716
ASN0036,J028,68.20272479103788
ASN0036,J025,67.89358457986965
ASN0036,J013,65.50578705208142
ASN0036,J009,53.02169598308552
ASN0036,J008,67.03187188710046
ASN0036,J030,67.30775986320653
ASN0036,J012,75.89898587707141
ASN0037,J014,58.035214311799656
ASN0037,J013,47.714076708781676
ASN0037,J026,59.05984080632065
ASN0037,J004,66.35409713205938
ASN0037,J019,53.75390785772874
ASN0037,J030,57.048190422157376
ASN0037,J023,59.655973301122735
ASN0037,J003,59.78404118254944
ASN0038,J014,40.05309575076689
ASN0038,J018,68.0266683741059
ASN0038,J027,52.74510318333388
ASN0038,J003,62.92032954419308
ASN0038,J023,53.64386623508232
ASN0038,J030,53.22579344071081
ASN0038,J019,54.518092828749985
ASN0038,J004,53.409323989881806
ASN0039,J013,54.97866697001026
ASN0039,J018,52.38858099082487
ASN0039,J007,57.20954874007725
ASN0039,J028,43.26298845462331
ASN0039,J002,52.20283073566823
ASN0039,J015,56.05477536316798
ASN0039,J025,54.699861908716436
ASN0039,J001,48.038756648335074
ASN0040,J029,73.55785145901129
ASN0040,J030,66.13200283522721
ASN0040,J027,60.91951674055426
ASN0040,J002,66.77286196574833
ASN0040,J026,64.26242331800039
ASN0040,J018,68.32519423336718
ASN0040,J020,59.669647626936225
ASN0040,J017,72.47801994967551
ASN0041,J017,62.04463546763679
ASN0041,J011,56.736068396573955
ASN0041,J010,56.828295720540936
ASN0041,J028,76.5531009200501
ASN0041,J027,56.695250071414165
ASN0041,J021,67.89933125803303
ASN0041,J006,54.44811757014315
ASN0041,J018,64.20455234318729
ASN0042,J021,60.71634083755804
ASN0042,J026,61.353662876564684
ASN0042,J003,65.02829388308638
ASN0042,J020,69.59278585324225
ASN0042,J023,63.874377629755394
ASN0042,J016,75.02516266912853
ASN0042,J015,71.06312782678226
ASN0042,J008,63.078063712410454
ASN0043,J030,67.77052369780321
ASN0043,J004,92.98552449940546
ASN0043,J023,78.8134881042516
ASN0043,J009,80.80716476415074
ASN0043,J027,87.15785636989884
ASN0043,J021,77.30432274173296
ASN0043,J007,69.22912755713004
ASN0043,J015,85.83948928165904
ASN0044,J004,53.523724436003064
ASN0044,J027,57.87781204496837
ASN0044,J015,64.17926842256682
ASN0044,J006,63.884579691549675
ASN0044,J017,54.17296248063206
ASN0044,J030,45.80521607823789
ASN0044,J025,60.10365189912087
ASN0044,J010,53.26188364452078
ASN0045,J030,76.49237118536439
ASN0045,J013,70.52890745307083
ASN0045,J012,68.83242624796823
ASN0045,J028,75.16174493187914
ASN0045,J018,83.06937795023988
ASN0045,J002,75.38902840286404
ASN0045,J011,67.21366308270065
ASN0045,J021,71.6441069999353
ASN0046,J016,53.932981764409604
ASN0046,J020,55.86765308297851
ASN0046,J012,67.25019023974639
ASN0046,J015,67.78843293026776
ASN0046,J009,54.073434690483424
ASN0046,J026,62.26842986458346
ASN0046,J027,63.05789115219551
ASN0046,J025,76.23994976060746
ASN0047,J030,76.04489938943652
ASN0047,J002,64.44683934935487
ASN0047,J011,65.15053157082482
ASN0047,J019,69.05578136521757
ASN0047,J004,60.468022079038334
ASN0047,J022,75.35488579969231
ASN0047,J009,65.45809864580029
ASN0047,J021,65.91438744390267
ASN0048,J016,64.1470215094036
ASN0048,J025,81.1591354227186
ASN0048,J029,67.83843807867389
ASN0048,J028,69.34204992742046
ASN0048,J019,70.47799432904934
ASN0048,J026,68.33223448207812
ASN0048,J008,66.74411894089575
ASN0048,J030,65.05099195372712
ASN0049,J027,65.90970569420003
ASN0049,J004,68.96333619252935
ASN0049,J026,70.53906568312436
ASN0049,J011,64.74041392449729
ASN0049,J005,62.759442114175755
ASN0049,J014,53.25458205242268
ASN0049,J020,63.278053402898756
ASN0049,J025,61.5712225888251
ASN0050,J004,55.249114990186825
ASN0050,J011,67.7885354335921
ASN0050,J019,67.80692902614854
ASN0050,J021,60.95850823868963
ASN0050,J028,58.81473829881519
ASN0050,J006,53.32771468822164
ASN0050,J018,69.43380102817193
ASN0050,J030,71.87026071781206
ASN0051,J017,85.48584435637997
ASN0051,J030,74.901051346296
ASN0051,J011,60.37165173951973
ASN0051,J014,62.685910791297424
ASN0051,J012,77.51772580735323
ASN0051,J013,77.1502124474174
ASN0051,J009,56.08903275487507
ASN0051,J016,74.53670191296195
ASN0052,J002,75.27656423787833
ASN0052,J013,77.92168671208825
ASN0052,J004,75.49305983311682
ASN0052,J001,68.05460966437474
ASN0052,J021,63.746864901658554
ASN0052,J003,70.01781688348875
ASN0052,J028,77.53690660695129
ASN0052,J025,70.04317527777206
ASN0053,J001,60.30371311153934
ASN0053,J015,61.23087411292263
ASN0053,J019,62.42484733680566
ASN0053,J009,59.56730169858494
ASN0053,J006,70.86574111202768
ASN0053,J029,74.51493394820119
ASN0053,J022,61.88136343549836
ASN0053,J003,65.98948925604539
ASN0054,J008,78.4513272546793
ASN0054,J002,80.2818868482426
ASN0054,J017,71.28430469599878
ASN0054,J003,73.36833374374662
ASN0054,J011,80.41892863418667
ASN0054,J005,85.89073343195484
ASN0054,J019,82.70049765949244
ASN0054,J029,93.682775401659
ASN0055,J026,52.61757274681558
ASN0055,J006,62.93463600837039
ASN0055,J022,47.41210906229046
ASN0055,J020,66.41196435582471
ASN0055,J010,55.17191602301173
ASN0055,J015,58.47429612036008
ASN0055,J030,75.42184741950325
ASN0055,J018,61.24632884298239
ASN0056,J022,71.21742420427546
ASN0056,J028,65.96525739410782
ASN0056,J025,79.80657064217324
ASN0056,J013,76.60333856419284
ASN0056,J009,65.464759574118
ASN0056,J008,68.79609552286902
ASN0056,J030,72.36585198911672
ASN0056,J012,65.27923585593666
ASN0057,J001,78.20839230816522
ASN0057,J026,87.08910561654373
ASN0057,J022,68.6097485274077
ASN0057,J006,73.47476592574056
ASN0057,J017,75.36037628043199
ASN0057,J025,77.30854944506173
ASN0057,J010,81.0311186326375
ASN0057,J012,76.42924419776746
ASN0058,J023,61.01675224972626
ASN0058,J013,47.12484488387704
ASN0058,J021,56.01393532337969
ASN0058,J030,44.391290695365235
ASN0058,J024,50.95412028880664
ASN0058,J006,59.23098616263012
ASN0058,J029,58.52864884517997
ASN0058,J018,47.3948103445812
ASN0059,J005,83.098396533078
ASN0059,J022,82.41844164384483
ASN0059,J009,86.46054535948123
ASN0059,J013,94.27716285352926
ASN0059,J024,74.00491983018215
ASN0059,J027,89.9010774602826
ASN0059,J003,81.89426482658044
ASN0059,J015,84.33008937087617
ASN0060,J011,78.32785939789764
ASN0060,J023,83.58217149141461
ASN0060,J028,75.31486098071807
ASN0060,J012,83.9207474274229
ASN0060,J018,72.93139118105292
ASN0060,J002,82.7242224336355
ASN0060,J014,72.05039949460937
ASN0060,J024,82.77124392525148
ASN0061,J011,58.90745548708241
ASN0061,J027,70.35204700119746
ASN0061,J025,73.69899744148273
ASN0061,J013,65.58515132275497
ASN0061,J016,65.25019938283542
ASN0061,J022,71.09547529048935
ASN0061,J010,60.79890445012186
ASN0061,J026,77.41862098035935
ASN0062,J019,58.699143979559935
ASN0062,J008,64.25945026821132
ASN0062,J029,60.43779523518063
ASN0062,J026,55.6425782827407
ASN0062,J020,52.585815682368704
ASN0062,J001,67.58479778892581
ASN0062,J012,54.67129150152291
ASN0062,J028,54.32496369165252
ASN0063,J007,57.057865879789
ASN0063,J004,71.67105785338337
ASN0063,J019,56.63127288022011
ASN0063,J010,55.268542764842756
ASN0063,J002,53.3496286938684
ASN0063,J017,59.89680577120692
ASN0063,J012,54.59514481259434
ASN0063,J025,58.59871101603727
ASN0064,J009,64.17669283926848
ASN0064,J024,54.16061543204141
ASN0064,J019,72.34692737620651
ASN0064,J006,71.23748795161187
ASN0064,J001,64.41295584429022
ASN0064,J023,66.81520731969687
ASN0064,J010,60.29392614427158
ASN0064,J016,70.88469164352364
ASN0065,J021,62.25322746763665
ASN0065,J013,50.5378929732613
ASN0065,J007,56.28327295937384
ASN0065,J019,62.27203708736194
ASN0065,J025,51.63467499210854
ASN0065,J030,48.42245016027606
ASN0065,J018,52.65725652062147
ASN0065,J014,51.688107394377845
ASN0066,J001,41.639913161389195
ASN0066,J011,51.11480230087203
ASN0066,J029,43.0933064236736
ASN0066,J013,34.15326310788535
ASN0066,J015,43.80900543668566
ASN0066,J027,43.344393630261365
ASN0066,J021,53.28877999121454
ASN0066,J016,45.982994610171936
ASN0067,J029,84.66866754757137
ASN0067,J010,65.61578125142165
ASN0067,J001,64.79145922996106
ASN0067,J011,60.29704062228776
ASN0067,J015,76.41517552285585
ASN0067,J004,71.82385328775536
ASN0067,J008,73.3351522923666
ASN0067,J014,63.79563238764017
ASN0068,J006,65.19614295810831
ASN0068,J023,64.19672082840187
ASN0068,J001,68.73050685545414
ASN0068,J011,58.624203180276446
ASN0068,J004,66.38538647779887
ASN0068,J025,53.20340817665245
ASN0068,J010,75.35831712268279
ASN0068,J002,60.279103765703596
ASN0069,J011,90.92405652573821
ASN0069,J003,78.6813774483527
ASN0069,J020,71.0457622845153
ASN0069,J021,74.87826437487146
ASN0069,J001,81.55287610784238
ASN0069,J012,90.50424046370642
ASN0069,J016,67.50766792742286
ASN0069,J002,75.16241375595827
ASN0070,J023,29.872899770715964
ASN0070,J018,35.166244767271564
ASN0070,J020,27.04536028332063
ASN0070,J019,45.484981230507266
ASN0070,J004,38.44807679816036
ASN0070,J024,47.70784006991081
ASN0070,J022,38.11051716984029
ASN0070,J012,50.58829240022425
ASN0071,J025,73.34522702328375
ASN0071,J002,80.98465897323838
ASN0071,J019,74.60187181274335
ASN0071,J006,65.3600776682059
ASN0071,J027,69.12592752805392
ASN0071,J030,88.64557560941178
ASN0071,J001,76.56654965689734
ASN0071,J014,73.47438622391044
ASN0072,J020,68.80340603882006
ASN0072,J004,68.47213955854761
ASN0072,J030,60.76144238398672
ASN0072,J024,50.02774674309874
ASN0072,J012,50.776059759587575
ASN0072,J025,73.3309383353372
ASN0072,J008,66.84595699515219
ASN0072,J026,65.68268545804162
ASN0073,J012,82.60229027736014
ASN0073,J009,69.43610269764997
ASN0073,J023,84.24150358593639
ASN0073,J004,87.17026341808997
ASN0073,J026,85.42133516143046
ASN0073,J024,69.84279146001275
ASN0073,J025,77.743129646176
ASN0073,J010,74.90658004443894
ASN0074,J026,58.15355385501028
ASN0074,J019,58.00429754570951
ASN0074,J013,50.01051399668383
ASN0074,J012,59.513749629591096
ASN0074,J015,44.06191521463744
ASN0074,J018,58.93896925138198
ASN0074,J011,53.249116907361
ASN0074,J008,53.43134024733834
ASN0075,J028,63.147072472136
ASN0075,J008,66.15319155122198
ASN0075,J026,57.69306180575674
ASN0075,J011,65.19969113726617
ASN0075,J007,59.478917317979594
ASN0075,J020,61.79962603685226
ASN0075,J022,70.47611619980898
ASN0075,J030,51.2790152984054
ASN0076,J019,56.99972434710867
ASN0076,J015,67.31380815252761
ASN0076,J007,63.307387648732636
ASN0076,J001,60.534418347155665
ASN0076,J012,52.75656740708038
ASN0076,J009,62.58561056615835
ASN0076,J025,53.2526207512379
ASN0076,J011,48.272656627659536
ASN0077,J028,33.16188408710038
ASN0077,J017,39.63593162413613
ASN0077,J027,47.57955123162052
ASN0077,J020,37.13508546313779
ASN0077,J001,49.35354610903668
ASN0077,J014,50.87757531016829
ASN0077,J003,33.990888325300794
ASN0077,J006,37.24227915417043
ASN0078,J026,50.67636470268843
ASN0078,J012,44.285782875261006
ASN0078,J015,52.61177556476227
ASN0078,J010,54.82568272968274
ASN0078,J018,48.80381964747751
ASN0078,J028,48.8651727196074
ASN0078,J007,46.92762426532252
ASN0078,J005,43.70814069178287
ASN0079,J022,78.01560975937211
ASN0079,J025,77.91525391755123
ASN0079,J010,88.37134533981238
ASN0079,J003,87.21853907567608
ASN0079,J017,87.30331845795413
ASN0079,J029,77.61360294642596
ASN0079,J006,74.42696598310387
ASN0079,J024,76.65247124803157
ASN0080,J021,70.27859561920535
ASN0080,J008,73.25477926968027
ASN0080,J011,61.75439287514804
ASN0080,J001,65.61162857908947
ASN0080,J024,59.15567844815233
ASN0080,J010,63.029911939645814
ASN0080,J015,65.70074063144308
ASN0080,J014,63.36359197404486
ASN0081,J021,70.51305556313595
ASN0081,J013,52.82379116341029
ASN0081,J005,72.88949401408065
ASN0081,J020,61.00549188573384
ASN0081,J025,83.84682432204369
ASN0081,J030,67.72457587751946
ASN0081,J018,56.908699919901366
ASN0081,J019,58.78824094526797
ASN0082,J025,62.19573405735014
ASN0082,J009,40.47123526107695
ASN0082,J014,45.213404735310384
ASN0082,J028,60.65548485411373
ASN0082,J027,62.782399423280005
ASN0082,J022,62.11293860663514
ASN0082,J007,50.342774580209095
ASN0082,J006,69.79984087759058
ASN0083,J009,44.270663303291805
ASN0083,J022,61.25903944855184
ASN0083,J005,57.11243410865991
ASN0083,J019,58.76257938659706
ASN0083,J018,43.178538456706605
ASN0083,J017,53.476718348429486
ASN0083,J003,57.387427225124405
ASN0083,J004,69.46443300095288
ASN0084,J020,67.78246467118714
ASN0084,J008,74.6944049804758
ASN0084,J024,71.18638377088612
ASN0084,J025,65.71075307081804
ASN0084,J028,61.52561424916478
ASN0084,J002,69.3987722272733
ASN0084,J005,60.55094530330698
ASN0084,J023,77.51594757766811
ASN0085,J027,53.40487560415579
ASN0085,J011,66.92934452648332
ASN0085,J008,62.411670392660994
ASN0085,J014,60.57615240311228
ASN0085,J017,54.27556855024032
ASN0085,J020,45.349806788289264
ASN0085,J029,52.81398114982105
ASN0085,J023,68.21164089024407
ASN0086,J010,61.76284859765633
ASN0086,J028,59.972210415902126
ASN0086,J017,64.7993376007704
ASN0086,J023,72.02559660512533
ASN0086,J002,54.644215749670536
ASN0086,J005,60.1250964790143
ASN0086,J026,64.39145997282053
ASN0086,J004,58.406301628683686
ASN0087,J015,70.32943497211242
ASN0087,J010,71.42589081051217
ASN0087,J005,64.45399605078136
ASN0087,J022,55.21021330081166
ASN0087,J003,58.187558223097334
ASN0087,J025,59.43436284706119
ASN0087,J024,57.812198783824115
ASN0087,J009,83.69608485685013
ASN0088,J006,90.64562505748967
ASN0088,J005,75.68721240993239
ASN0088,J015,80.6223219121523
ASN0088,J022,78.77957780706856
ASN0088,J021,79.3331139299074
ASN0088,J026,82.96876047404814
ASN0088,J020,85.68593028055719
ASN0088,J003,83.61614151409407
ASN0089,J008,67.38283354380114
ASN0089,J013,74.10359336758964
ASN0089,J026,78.02762418376099
ASN0089,J016,77.39566677061492
ASN0089,J020,80.90907693337108
ASN0089,J004,74.58929819208203
ASN0089,J022,73.57753284040417
ASN0089,J014,72.65861486294158
ASN0090,J004,66.12989384314065
ASN0090,J018,71.86642485983754
ASN0090,J013,65.91386375627138
ASN0090,J016,74.30994727702787
ASN0090,J012,68.9309998450524
ASN0090,J017,74.04127734099166
ASN0090,J005,63.73815806024424
ASN0090,J003,61.84756521521894
ASN0091,J010,60.097808456998855
ASN0091,J009,62.47829878107455
ASN0091,J026,63.20321573195137
ASN0091,J028,50.34609185245972
ASN0091,J002,71.64812968273452
ASN0091,J013,64.2767840721752
ASN0091,J022,50.85536795119012
ASN0091,J001,56.24461450534204
ASN0092,J026,56.59829255479583
ASN0092,J027,47.84249255377723
ASN0092,J017,53.85770352972568
ASN0092,J006,51.9464234468943
ASN0092,J019,58.4567886257509
ASN0092,J010,41.775902726426196
ASN0092,J023,45.994064585309715
ASN0092,J009,45.38012187644739
ASN0093,J002,61.74719640512573
ASN0093,J005,55.6519954661583
ASN0093,J028,61.79347658457083
ASN0093,J016,61.96531400149914
ASN0093,J014,65.33472928398447
ASN0093,J004,68.56274614072775
ASN0093,J013,53.37383767510481
ASN0093,J023,53.55787312320833
ASN0094,J018,64.27570170178365
ASN0094,J021,65.50209308131969
ASN0094,J001,77.42754927656941
ASN0094,J008,64.14425061792565
ASN0094,J027,66.85522259630312
ASN0094,J007,65.24730470160331
ASN0094,J009,69.26683795150865
ASN0094,J016,78.25269958781854
ASN0095,J002,74.87168029456295
ASN0095,J004,70.35917206581023
ASN0095,J010,73.4798046947768
ASN0095,J003,65.01829691346727
ASN0095,J014,65.18418183640955
ASN0095,J019,69.02437391557503
ASN0095,J007,73.66685007479943
ASN0095,J012,54.7984478407399
ASN0096,J016,57.33020069297175
ASN0096,J017,57.76521312350284
ASN0096,J021,53.055551818004545
ASN0096,J026,68.57688770625344
ASN0096,J007,51.96341849110166
ASN0096,J002,57.76199183189876
ASN0096,J028,58.83787354134197
ASN0096,J005,54.95055176288189
ASN0097,J006,60.79712177815399
ASN0097,J018,54.69189963972785
ASN0097,J030,55.09855170334646
ASN0097,J015,47.730141284172284
ASN0097,J023,66.09424647539568
ASN0097,J007,55.083889785022706
ASN0097,J019,49.48294785712305
ASN0097,J012,58.93812084634493
ASN0098,J008,59.99392394875595
ASN0098,J007,66.89734448113872
ASN0098,J030,59.541908991748755
ASN0098,J015,71.50913875732981
ASN0098,J016,62.08837008034943
ASN0098,J014,64.25953785166995
ASN0098,J013,67.34176605462268
ASN0098,J010,61.89532041238036
ASN0099,J008,57.1251290287474
ASN0099,J015,57.7821188441566
ASN0099,J012,52.59763428485412
ASN0099,J025,53.49319726704725
ASN0099,J023,59.7190997573021
ASN0099,J018,83.2917194164464
ASN0099,J004,64.81967569459805
ASN0099,J019,64.44615793874755
ASN0100,J012,73.96005326945416
ASN0100,J025,80.66127146748074
ASN0100,J009,91.26469458483034
ASN0100,J017,78.86843327242698
ASN0100,J002,69.9745668158437
ASN0100,J028,88.97757302664058
ASN0100,J024,63.70935598224662
ASN0100,J020,81.24462119968614
ASN0101,J006,67.41250493263365
ASN0101,J003,54.433638987966944
ASN0101,J011,74.4484946247473
ASN0101,J002,62.22797232951614
ASN0101,J021,66.26001301030394
ASN0101,J022,76.37098573836737
ASN0101,J023,71.46472939451382
ASN0101,J004,64.58211441156064
ASN0102,J027,63.931181334611786
ASN0102,J023,59.90508961079839
ASN0102,J003,62.21128195418047
ASN0102,J016,72.73338975785188
ASN0102,J028,59.8017201069011
ASN0102,J005,60.336977602923746
ASN0102,J002,61.442015815600996
ASN0102,J021,57.76385623463492
ASN0103,J022,67.37760607312495
ASN0103,J002,72.63730866090751
ASN0103,J017,76.51151229300545
ASN0103,J009,68.53691699366925
ASN0103,J015,67.40642262591983
ASN0103,J026,67.62457818350876
ASN0103,J028,65.92335460371241
ASN0103,J008,64.26846056096765
ASN0104,J024,79.30187184457331
ASN0104,J007,69.0348891183622
ASN0104,J030,76.32178959188947
ASN0104,J010,76.50460836823368
ASN0104,J017,57.84752131106689
ASN0104,J011,79.34237103245549
ASN0104,J013,74.21758942197464
ASN0104,J005,80.57523197568341
ASN0105,J015,70.64175785849731
ASN0105,J022,70.89760661667756
ASN0105,J011,58.474384312850574
ASN0105,J027,65.13313205024967
ASN0105,J030,65.4765678412197
ASN0105,J008,79.03603499300364
ASN0105,J021,70.07607997745357
ASN0105,J019,63.96203962324787
ASN0106,J002,60.78273233231258
ASN0106,J001,50.101827864128644
ASN0106,J011,54.57232228278209
ASN0106,J020,49.80448007038333
ASN0106,J007,48.77712807057042
ASN0106,J021,53.26280840988249
ASN0106,J018,49.4408373225189
ASN0106,J006,59.693627348868816
ASN0107,J001,79.29393281292394
ASN0107,J011,87.65393621725025
ASN0107,J025,88.93533525290282
ASN0107,J021,87.60184306672802
ASN0107,J010,73.96722802285619
ASN0107,J002,75.1076714742075
ASN0107,J013,81.0721736022344
ASN0107,J020,75.59454458575844
ASN0108,J028,63.00504584312591
ASN0108,J001,69.22222817021138
ASN0108,J017,64.1001001380573
ASN0108,J025,73.31034324917707
ASN0108,J029,65.4040181680374
ASN0108,J013,59.308698245524326
ASN0108,J026,56.04256041038873
ASN0108,J023,69.58319873232388
ASN0109,J004,62.527630095283754
ASN0109,J025,63.145687200170926
ASN0109,J028,69.57894944583452
ASN0109,J005,69.40628360476914
ASN0109,J009,82.52388756319492
ASN0109,J024,67.48436278169515
ASN0109,J027,73.64691582422562
ASN0109,J030,68.0951182675393
ASN0110,J026,53.45502839530696
ASN0110,J012,45.29333508505244
ASN0110,J009,52.07971168705915
ASN0110,J027,48.54172826341219
ASN0110,J008,56.81592782189015
ASN0110,J002,59.4947003545995
ASN0110,J015,50.726946902102185
ASN0110,J020,61.19008911836262
ASN0111,J016,75.943207024819
ASN0111,J017,73.57356816448564
ASN0111,J027,77.23568177580631
ASN0111,J003,76.2774428471924
ASN0111,J018,61.518785447975375
ASN0111,J001,67.40390914540765
ASN0111,J026,67.71530884826466
ASN0111,J025,85.61440480395012
ASN0112,J004,70.52030874604998
ASN0112,J008,78.82561325363403
ASN0112,J020,78.17144247610098
ASN0112,J026,79.42715349983447
ASN0112,J016,75.81938150787452
ASN0112,J019,72.45776901828404
ASN0112,J029,74.91880548028574
ASN0112,J009,69.06174444425062
ASN0113,J002,70.0872177716305
ASN0113,J012,75.69174698631423
ASN0113,J024,62.37161454760437
ASN0113,J027,53.07272035796497
ASN0113,J026,67.1530745193561
ASN0113,J025,70.38864441094722
ASN0113,J008,63.673874571997224
ASN0113,J009,57.43829159260263
ASN0114,J013,45.56341483279387
ASN0114,J015,44.042743215767246
ASN0114,J007,53.06053794707859
ASN0114,J018,38.43408548403161
ASN0114,J026,46.115886407702625
ASN0114,J016,53.5484292473954
ASN0114,J017,39.94443590494807
ASN0114,J001,53.40670053404206
ASN0115,J009,72.8618572526571
ASN0115,J008,63.9219234332566
ASN0115,J011,74.85196731600915
ASN0115,J023,68.56819182300181
ASN0115,J019,66.43270140026425
ASN0115,J014,69.82884528784861
ASN0115,J010,67.78804984974776
ASN0115,J007,62.588123180849394
ASN0116,J024,58.4473561933367
ASN0116,J015,52.75083904751432
ASN0116,J021,63.344106494065244
ASN0116,J004,53.64853850134817
ASN0116,J020,62.10699629188434
ASN0116,J023,48.77488563267688
ASN0116,J011,58.153314608498725
ASN0116,J029,60.47445070993041
ASN0117,J025,64.81858864341051
ASN0117,J007,62.29891199453682
ASN0117,J026,60.720489405392755
ASN0117,J011,64.30377064560851
ASN0117,J017,52.71257675122352
ASN0117,J015,68.10730956814938
ASN0117,J023,62.13799672938104
ASN0117,J010,60.87067941961837
ASN0118,J013,69.00246126547151
ASN0118,J022,61.953229775567706
ASN0118,J028,66.25634290030511
ASN0118,J004,72.33531725905772
ASN0118,J025,55.39337734584341
ASN0118,J003,62.17062014760009
ASN0118,J001,49.09663101018265
ASN0118,J020,59.62895691980917
ASN0119,J028,61.875176219941466
ASN0119,J010,71.20808514993726
ASN0119,J016,56.42710600534916
ASN0119,J008,59.88524148657939
ASN0119,J015,67.5929555173474
ASN0119,J002,72.14080529567033
ASN0119,J030,56.231119740617544
ASN0119,J021,64.82616505879535
ASN0120,J002,78.47013485339791
ASN0120,J017,78.41481595635994
ASN0120,J010,87.07564554601376
ASN0120,J006,74.5108417542033
ASN0120,J023,85.25715260874969
ASN0120,J028,82.7953166759034
ASN0120,J019,98.00437906314177
ASN0120,J005,80.85692227483123
ASN0121,J012,77.17948417892424
ASN0121,J026,65.93456732757589
ASN0121,J027,71.08327206437333
ASN0121,J002,65.71776723881598
ASN0121,J001,73.16204100453783
ASN0121,J005,69.84751301144259
ASN0121,J030,70.95329265444711
ASN0121,J028,70.44647769301042
ASN0122,J015,59.963379393413256
ASN0122,J005,70.1799430985988
ASN0122,J019,69.85209739142326
ASN0122,J016,71.57883928414296
ASN0122,J029,62.70868406174562
ASN0122,J003,63.292711286219166
ASN0122,J022,65.19590650381647
ASN0122,J004,60.06988381862407
ASN0123,J024,64.52898003002603
ASN0123,J001,67.2799380841238
ASN0123,J013,80.01639952110354
ASN0123,J002,61.661733229324994
ASN0123,J005,67.20041490129863
ASN0123,J022,54.529202595878914
ASN0123,J016,65.64102766039458
ASN0123,J003,62.00552291152194
ASN0124,J022,85.24074380312692
ASN0124,J004,85.15315728294563
ASN0124,J019,70.40105613309696
ASN0124,J021,89.03023929097472
ASN0124,J006,79.46797941124706
ASN0124,J018,74.75869992842581
ASN0124,J027,77.20225998860305
ASN0124,J030,73.35281680568136
ASN0125,J029,65.06210076586011
ASN0125,J021,58.52266003851212
ASN0125,J026,77.28737728411478
ASN0125,J016,77.31558160034909
ASN0125,J013,69.40035186410894
ASN0125,J009,61.73095824020385
ASN0125,J022,71.95551737837933
ASN0125,J005,77.01516920284995
ASN0126,J016,65.96358735124814
ASN0126,J023,61.94534796374339
ASN0126,J009,72.03186246179618
ASN0126,J006,76.36873414711536
ASN0126,J005,67.37812989258377
ASN0126,J002,72.60397589733451
ASN0126,J030,75.55853240415304
ASN0126,J028,72.7744337198445
ASN0127,J027,73.17747144937078
ASN0127,J011,78.67046129773263
ASN0127,J025,74.77832623203714
ASN0127,J007,72.61375816044314
ASN0127,J012,71.11743895923647
ASN0127,J004,74.57276732096543
ASN0127,J020,78.4141941456092
ASN0127,J001,70.82426646266188
ASN0128,J016,72.46030518007107
ASN0128,J027,61.378836424995576
ASN0128,J010,54.6812384135459
ASN0128,J025,79.68557622016276
ASN0128,J008,62.470029390003525
ASN0128,J014,68.52518116047362
ASN0128,J004,69.92384075906486
ASN0128,J015,68.84237025557705
ASN0129,J016,63.69348494818611
ASN0129,J005,62.34497547534218
ASN0129,J028,69.88633907806657
ASN0129,J022,64.63625643675135
ASN0129,J026,76.2028599265058
ASN0129,J024,64.96900521776942
ASN0129,J025,77.79972828283125
ASN0129,J011,66.58312027037653
ASN0130,J005,58.99980005309793
ASN0130,J012,43.873860623268655
ASN0130,J028,60.823488362483246
ASN0130,J025,55.072429972694685
ASN0130,J024,48.86596869611793
ASN0130,J013,57.32265477626061
ASN0130,J020,54.20175373425348
ASN0130,J022,58.439592370137284
ASN0131,J030,64.14809384298479
ASN0131,J022,67.17270154681728
ASN0131,J012,70.13824253937088
ASN0131,J006,72.81993330825122
ASN0131,J028,70.04944700562234
ASN0131,J001,70.47984082335361
ASN0131,J010,71.03053856052334
ASN0131,J027,65.55781166830954
ASN0132,J012,65.04086968788076
ASN0132,J020,73.87542797479479
ASN0132,J015,71.81328961526096
ASN0132,J025,65.36467877535911
ASN0132,J014,58.84946544483961
ASN0132,J027,72.5051923070677
ASN0132,J005,76.13290707933956
ASN0132,J022,63.16461160773056
ASN0133,J025,74.30284885627883
ASN0133,J007,54.03387676838555
ASN0133,J026,68.97698228135809
ASN0133,J011,74.87872662555762
ASN0133,J017,63.13701295854066
ASN0133,J015,62.73497682956397
ASN0133,J023,69.54628825310245
ASN0133,J010,64.17006715296179
ASN0134,J028,74.56491810720496
ASN0134,J029,73.90113514636457
ASN0134,J005,67.67461584435227
ASN0134,J017,82.09035879616005
ASN0134,J023,78.631130179118
ASN0134,J025,70.61315665765302
ASN0134,J022,69.8678422074171
ASN0134,J003,79.37148058677352
ASN0135,J010,82.90266690046688
ASN0135,J022,68.16498788235245
ASN0135,J001,74.17548200685083
ASN0135,J004,83.72424771997672
ASN0135,J002,75.95608080440547
ASN0135,J007,79.72828409026489
ASN0135,J025,71.39880581717956
ASN0135,J014,67.05744275770078
ASN0136,J029,56.76104251842132
ASN0136,J027,73.4776312722606
ASN0136,J014,58.06368694422102
ASN0136,J007,68.51539857645703
ASN0136,J028,72.19343855828937
ASN0136,J013,68.81051601319818
ASN0136,J011,62.16999942945606
ASN0136,J023,66.36841759959825
ASN0137,J026,62.657433186100484
ASN0137,J002,65.92950207734985
ASN0137,J012,56.351307581010055
ASN0137,J025,51.98543590924687
ASN0137,J028,57.32099951994942
ASN0137,J005,60.69717216700559
ASN0137,J003,65.4496920858433
ASN0137,J008,61.821471122982636
ASN0138,J001,75.59726593454202
ASN0138,J030,68.74432422130172
ASN0138,J005,73.42832913845088
ASN0138,J024,86.89016258121255
ASN0138,J026,82.17424699945276
ASN0138,J016,83.32619702792768
ASN0138,J008,80.7611326510355
ASN0138,J004,77.12590847577681
ASN0139,J002,53.01121860419755
ASN0139,J008,48.58063748773675
ASN0139,J028,50.476491917227165
ASN0139,J030,54.141871247000275
ASN0139,J007,47.97230992484575
ASN0139,J009,48.41434378129189
ASN0139,J020,37.90271385948684
ASN0139,J017,56.50652459187975
ASN0140,J005,68.7926997885442
ASN0140,J008,70.30899759083442
ASN0140,J026,73.51260739824217
ASN0140,J012,61.94717241023179
ASN0140,J009,76.87097879393474
ASN0140,J020,69.43955062455167
ASN0140,J004,59.389508213076525
ASN0140,J006,80.6338698165072
ASN0141,J021,60.55328108299091
ASN0141,J030,50.633287997525876
ASN0141,J009,53.52366691638311
ASN0141,J005,66.09736521709276
ASN0141,J008,49.61196156312024
ASN0141,J011,58.22783865800157
ASN0141,J028,56.993240757832794
ASN0141,J012,69.01102160311387
ASN0142,J004,75.1148615966877
ASN0142,J021,83.8824315334296
ASN0142,J006,79.7193035573506
ASN0142,J002,80.63777369740629
ASN0142,J013,61.38697036438153
ASN0142,J011,93.02554135733885
ASN0142,J026,83.91177823550952
ASN0142,J027,88.94869761475229
ASN0143,J023,68.40443752413874
ASN0143,J025,69.87596474246038
ASN0143,J022,76.02131787695053
ASN0143,J015,77.58522656606598
ASN0143,J010,77.46388023224254
ASN0143,J012,67.93119386674103
ASN0143,J014,61.242799767785726
ASN0143,J017,79.84897246671376
ASN0144,J018,62.98980258305092
ASN0144,J014,67.52734312767069
ASN0144,J008,65.96662623057159
ASN0144,J019,55.44092062876487
ASN0144,J003,59.941796028054846
ASN0144,J001,48.68016959720658
ASN0144,J012,66.03757152476734
ASN0144,J025,58.62896662838434
ASN0145,J012,80.55358706334795
ASN0145,J022,74.92069041036858
ASN0145,J021,83.71790493225481
ASN0145,J005,89.46422635456487
ASN0145,J028,83.31787339090447
ASN0145,J008,84.9781573428874
ASN0145,J014,81.72166155383492
ASN0145,J010,73.43762174126327
ASN0146,J009,84.22471432902921
ASN0146,J030,82.67973499329396
ASN0146,J024,90.08892831076099
ASN0146,J006,77.24812220726557
ASN0146,J022,82.40233929088747
ASN0146,J016,71.65798021424014
ASN0146,J023,77.98477922568753
ASN0146,J013,86.11534882254279
ASN0147,J024,68.86337386652569
ASN0147,J010,59.848603360333314
ASN0147,J029,73.75844859273403
ASN0147,J014,64.70089580807397
ASN0147,J019,63.66899488312382
ASN0147,J004,64.78296589408004
ASN0147,J007,56.308111049820596
ASN0147,J011,67.93181904494816
ASN0148,J029,67.82710982330896
ASN0148,J024,55.71182832321263
ASN0148,J011,72.16428362466728
ASN0148,J019,78.74998613552904
ASN0148,J020,59.2258815807074
ASN0148,J018,62.00024422404834
ASN0148,J017,65.15094470023962
ASN0148,J025,71.89387904564997
ASN0149,J017,62.80547969347576
ASN0149,J012,59.873483335137074
ASN0149,J013,57.40474859312382
ASN0149,J019,62.686434984525654
ASN0149,J006,72.43603007966337
ASN0149,J014,52.540264085838665
ASN0149,J022,57.67569686579926
ASN0149,J024,50.81630425080903
ASN0150,J022,69.24369875351424
ASN0150,J006,60.143003282241985
ASN0150,J005,64.57685981404343
ASN0150,J012,60.39683972556773
ASN0150,J030,63.296625713895125
ASN0150,J014,63.41653060593859
ASN0150,J025,61.94075604463028
ASN0150,J017,66.76293534960374
ASN0151,J025,72.39630964166915
ASN0151,J005,76.33055215674392
ASN0151,J023,78.26234395915618
ASN0151,J012,74.2284942727272
ASN0151,J026,83.36148571402815
ASN0151,J022,72.11071023078526
ASN0151,J011,78.10604714874648
ASN0151,J028,76.64411636567839
ASN0152,J018,69.01067923041353
ASN0152,J028,64.77346990032078
ASN0152,J029,68.63973046305209
ASN0152,J009,70.14646990941839
ASN0152,J015,64.26195490634389
ASN0152,J023,59.79801750936029
ASN0152,J005,64.74197855711344
ASN0152,J030,58.97772544941038
ASN0153,J009,42.41871518698341
ASN0153,J005,52.312757756782524
ASN0153,J024,51.943452133635816
ASN0153,J025,65.35106343926172
ASN0153,J027,47.018528448524556
ASN0153,J018,46.10827624033235
ASN0153,J008,48.287006904118435
ASN0153,J001,58.23584149205723
ASN0154,J025,76.33288894485128
ASN0154,J018,40.078139117412576
ASN0154,J024,55.095865810847876
ASN0154,J017,44.73735719394747
ASN0154,J001,51.80201779727177
ASN0154,J006,63.83585566963742
ASN0154,J022,60.25030289626698
ASN0154,J004,61.8082329379336
ASN0155,J019,74.6242261625903
ASN0155,J013,87.63233932126656
ASN0155,J017,84.7441657483314
ASN0155,J028,83.7855644498885
ASN0155,J005,69.72632584229464
ASN0155,J002,81.08798284606756
ASN0155,J014,72.41282753789866
ASN0155,J021,75.50076416473914
ASN0156,J016,89.65444779278388
ASN0156,J026,78.15122224188121
ASN0156,J023,93.13254064230824
ASN0156,J010,90.08077109243257
ASN0156,J001,90.34372011772437
ASN0156,J005,79.97568705525833
ASN0156,J006,87.46840664082494
ASN0156,J012,72.77424092737645
ASN0157,J003,50.58142482297198
ASN0157,J011,61.21284708932139
ASN0157,J015,48.898141720174394
ASN0157,J017,62.12278388478629
ASN0157,J016,64.37350128477227
ASN0157,J014,60.13250066762377
ASN0157,J022,70.08226175620571
ASN0157,J021,62.47398188893384
ASN0158,J019,81.63626918443514
ASN0158,J026,71.3050362791049
ASN0158,J003,69.19209301790349
ASN0158,J015,63.39862946984368
ASN0158,J027,70.04812467412643
ASN0158,J028,70.83927064948745
ASN0158,J018,62.67319335839174
ASN0158,J016,73.47612339521703
ASN0159,J004,71.17196846258545
ASN0159,J021,72.80380204912517
ASN0159,J007,83.38870067366567
ASN0159,J014,78.3040924055404
ASN0159,J016,69.84762459039811
ASN0159,J011,73.86273383286387
ASN0159,J027,67.46892981203541
ASN0159,J012,67.67554575922931
ASN0160,J022,50.69106724498098
ASN0160,J004,55.59251090017254
ASN0160,J021,46.351729833716085
ASN0160,J020,44.84486254182767
ASN0160,J027,51.47125890473381
ASN0160,J016,58.32501391344717
ASN0160,J026,58.51281206260289
ASN0160,J012,52.60083006188491
ASN0161,J025,49.56998123207113
ASN0161,J023,54.68836415471303
ASN0161,J012,68.70329047227834
ASN0161,J009,55.81180275441518
ASN0161,J017,55.66937781106774
ASN0161,J015,44.62410758330222
ASN0161,J019,54.27612535133199
ASN0161,J010,55.13245231517677
ASN0162,J022,65.97688547341129
ASN0162,J017,55.8738610800419
ASN0162,J015,55.897271688050424
ASN0162,J028,63.3370531445829
ASN0162,J013,53.878147029790945
ASN0162,J009,44.05141627070336
ASN0162,J002,58.377857355389075
ASN0162,J007,46.50297779535892
ASN0163,J019,53.48864143224745
ASN0163,J014,64.08687708620013
ASN0163,J028,60.87256943276057
ASN0163,J010,59.51112216653859
ASN0163,J023,67.17385990744495
ASN0163,J017,70.61295751116455
ASN0163,J004,71.98967326314252
ASN0163,J015,55.40354447245074
ASN0164,J003,61.31724675237194
ASN0164,J028,47.06592495251231
ASN0164,J025,50.74082535364934
ASN0164,J023,47.99171750208007
ASN0164,J010,49.646934480630634
ASN0164,J008,53.04267021205472
ASN0164,J021,56.571644657265566
ASN0164,J022,43.94400029002571
ASN0165,J007,57.48262976557499
ASN0165,J015,64.27726804431562
ASN0165,J017,53.38866616762056
ASN0165,J016,66.13689029617127
ASN0165,J014,64.76513337061397
ASN0165,J012,60.84407660200942
ASN0165,J005,79.09580987045813
ASN0165,J009,69.26527565854741
ASN0166,J010,63.93113689883709
ASN0166,J026,75.16037502340497
ASN0166,J015,74.68225215614044
ASN0166,J003,65.98250057751471
ASN0166,J016,75.64273907133087
ASN0166,J023,81.005549374643
ASN0166,J020,75.93890126528751
ASN0166,J029,71.07930214447859
ASN0167,J018,75.72209479236402
ASN0167,J019,66.35457233444107
ASN0167,J017,64.57588704587586
ASN0167,J011,70.23777036058469
ASN0167,J026,74.5966774729529
ASN0167,J013,63.7490795277314
ASN0167,J015,63.50793546407634
ASN0167,J012,85.31108966515667
ASN0168,J024,60.492856739031765
ASN0168,J018,88.78297975910485
ASN0168,J020,81.84314664823387
ASN0168,J005,70.14383905098951
ASN0168,J009,69.55416553015662
ASN0168,J012,76.0939335514697
ASN0168,J002,84.47261842602684
ASN0168,J006,77.86882671826508
ASN0169,J011,57.439463024629184
ASN0169,J021,74.66995298902926
ASN0169,J010,62.31893824292016
ASN0169,J024,72.61497906428372
ASN0169,J029,68.83732892343652
ASN0169,J002,68.37753593086398
ASN0169,J001,67.40015564684519
ASN0169,J008,63.54551082419826
ASN0170,J005,83.87020443116512
ASN0170,J023,82.82134553830761
ASN0170,J004,75.5890963374537
ASN0170,J026,76.83495280812762
ASN0170,J013,79.96759289102442
ASN0170,J002,86.47683336850636
ASN0170,J018,83.29852106072047
ASN0170,J016,77.3115663191031
ASN0171,J001,67.56945569807031
ASN0171,J014,61.61432813872261
ASN0171,J016,60.48451547295735
ASN0171,J023,48.92107172133743
ASN0171,J018,77.45434165399811
ASN0171,J003,70.01960161495757
ASN0171,J011,61.54616627641292
ASN0171,J002,59.82810083900513
ASN0172,J017,59.34072966052414
ASN0172,J022,60.45709832247501
ASN0172,J029,53.75456261453191
ASN0172,J008,61.7910351051507
ASN0172,J003,64.80235264224581
ASN0172,J025,67.7689336092697
ASN0172,J021,58.378893777584565
ASN0172,J011,71.13590374710414
ASN0173,J008,54.41676136935417
ASN0173,J026,61.46695561500832
ASN0173,J016,61.8062625136785
ASN0173,J022,62.77042321334044
ASN0173,J021,61.98539110866073
ASN0173,J014,55.84115551500515
ASN0173,J009,53.0228223885474
ASN0173,J020,41.21553673576156
ASN0174,J019,66.48309715584269
ASN0174,J023,73.60674947830557
ASN0174,J014,63.6069361439143
ASN0174,J007,78.17316795526747
ASN0174,J013,65.39541810205174
ASN0174,J004,76.60062123924912
ASN0174,J012,68.73997315878354
ASN0174,J009,73.74782604580994
ASN0175,J002,71.03616565539012
ASN0175,J029,78.89591349224646
ASN0175,J023,75.12849333124426
ASN0175,J021,82.69896931535496
ASN0175,J028,87.28085785086564
ASN0175,J004,80.12249750574942
ASN0175,J018,77.08150703311887
ASN0175,J010,58.771501730142795
ASN0176,J009,53.48029929690838
ASN0176,J006,75.06751839883852
ASN0176,J024,62.29735908401069
ASN0176,J001,56.571125907450906
ASN0176,J014,62.98991422654077
ASN0176,J028,63.431854878658164
ASN0176,J003,69.42235773292225
ASN0176,J002,59.61471385396736
ASN0177,J030,66.5559994859169
ASN0177,J003,60.86943444626406
ASN0177,J007,64.55391460597264
ASN0177,J009,55.220903447699364
ASN0177,J023,62.34846770397045
ASN0177,J025,62.00492738241735
ASN0177,J019,74.46796045847957
ASN0177,J027,76.58398621363294
ASN0178,J017,72.85174593383957
ASN0178,J003,74.53726063714898
ASN0178,J002,72.28963095338113
ASN0178,J029,74.5469452421084
ASN0178,J013,89.44435722714836
ASN0178,J022,79.80520011621985
ASN0178,J024,80.39503364335097
ASN0178,J009,69.45037157035185
ASN0179,J024,57.42865605502317
ASN0179,J014,48.639598320568815
ASN0179,J019,47.24010746870781
ASN0179,J030,56.37946320507535
ASN0179,J009,65.33937538708498
ASN0179,J016,53.97143444320957
ASN0179,J018,66.88348697113265
ASN0179,J017,69.87308283097431
ASN0180,J011,68.78449578334477
ASN0180,J005,62.58651778595238
ASN0180,J029,75.30215170925158
ASN0180,J012,80.47327222236277
ASN0180,J018,63.682523323201124
ASN0180,J003,66.81869042244043
ASN0180,J010,59.12921143703897
ASN0180,J017,65.10935658820405
ASN0181,J007,69.92355398962907
ASN0181,J025,56.0652169030452
ASN0181,J010,68.598294823115
ASN0181,J013,75.89869246921495
ASN0181,J006,67.2296796215013
ASN0181,J030,80.84307124718353
ASN0181,J022,59.54202606597562
ASN0181,J017,62.1163620516673
ASN0182,J021,53.133370173858545
ASN0182,J001,48.0581627856057
ASN0182,J003,53.97769092874844
ASN0182,J025,68.14383888365779
ASN0182,J027,50.475371191142415
ASN0182,J014,66.81850476587043
ASN0182,J002,57.95684927740548
ASN0182,J007,47.07698968374689
ASN0183,J026,66.49150784800419
ASN0183,J008,64.51437768216279
ASN0183,J005,68.19487623729924
ASN0183,J022,69.22656280689235
ASN0183,J019,67.77258340742691
ASN0183,J007,67.54968131007978
ASN0183,J020,62.830832845795065
ASN0183,J001,58.670651486374226
ASN0184,J020,67.46211146234037
ASN0184,J022,60.09979560112102
ASN0184,J015,72.17410222531957
ASN0184,J009,64.00557696941051
ASN0184,J010,74.27387651151693
ASN0184,J007,52.99079323067696
ASN0184,J011,63.625480346155975
ASN0184,J006,66.92958624797168
ASN0185,J017,61.95945271893372
ASN0185,J010,57.637753383609855
ASN0185,J011,71.75262989482793
ASN0185,J025,60.44708367676946
ASN0185,J012,61.29305432254543
ASN0185,J001,63.77978012092813
ASN0185,J014,61.31740831108355
ASN0185,J013,50.726670338582274
ASN0186,J017,63.82116155181323
ASN0186,J026,59.244774901564455
ASN0186,J011,55.88171634168237
ASN0186,J027,54.542655240683594
ASN0186,J020,66.33907308932282
ASN0186,J003,64.609010860545
ASN0186,J014,63.416823421687646
ASN0186,J018,65.2992379782964
ASN0187,J002,65.16215121931337
ASN0187,J006,79.83900640307469
ASN0187,J016,66.59831838315172
ASN0187,J014,50.82532652354478
ASN0187,J025,75.11759462698264
ASN0187,J005,59.9840076156521
ASN0187,J017,80.24131883351026
ASN0187,J028,79.35549368570244
ASN0188,J019,60.30916306638933
ASN0188,J014,52.76939257577046
ASN0188,J025,71.0722067920497
ASN0188,J021,47.74055009414026
ASN0188,J030,46.16200375901227
ASN0188,J007,44.32778673887467
ASN0188,J016,54.77960970914944
ASN0188,J023,47.42154005317619
ASN0189,J005,51.26182756958975
ASN0189,J019,54.94223950244955
ASN0189,J004,64.12884185464566
ASN0189,J010,61.240885756335395
ASN0189,J003,59.75793259761098
ASN0189,J021,46.43876164943654
ASN0189,J017,58.30656104448993
ASN0189,J006,56.104570562254466
ASN0190,J021,69.12098809656638
ASN0190,J016,70.80904346426132
ASN0190,J030,64.2164472850606
ASN0190,J003,67.6459165679813
ASN0190,J005,74.4896936279891
ASN0190,J001,55.86084565271235
ASN0190,J029,71.00408215338285
ASN0190,J028,70.80638864883939
ASN0191,J028,83.95097724314222
ASN0191,J001,81.89233768098896
ASN0191,J024,80.48937615173705
ASN0191,J021,72.35988137753945
ASN0191,J007,78.69081757919841
ASN0191,J017,68.43692056735519
ASN0191,J016,76.85783401631099
ASN0191,J029,78.00921683442269
ASN0192,J029,70.0108191918533
ASN0192,J012,69.99438512413724
ASN0192,J007,68.73898807623465
ASN0192,J011,65.44931214607773
ASN0192,J006,75.94295717904842
ASN0192,J014,63.50246962526899
ASN0192,J026,70.95690702084602
ASN0192,J024,61.84301639910593
ASN0193,J004,73.37063761667687
ASN0193,J013,63.955621072315225
ASN0193,J024,79.7093628400965
ASN0193,J026,77.42991793999612
ASN0193,J029,83.95120631802769
ASN0193,J003,82.88850130395772
ASN0193,J011,73.77958740454773
ASN0193,J007,67.34861859857499
ASN0194,J006,65.78677131036031
ASN0194,J016,75.26925819547598
ASN0194,J030,65.95292334720459
ASN0194,J010,72.33291934462997
ASN0194,J012,81.63213997857108
ASN0194,J002,76.2433080527477
ASN0194,J001,81.35591013333739
ASN0194,J021,78.02561964914548
ASN0195,J010,44.45288040355451
ASN0195,J023,50.829690237174425
ASN0195,J004,60.34829153639318
ASN0195,J007,48.54701156313039
ASN0195,J021,46.484333642633445
ASN0195,J006,54.50527445539897
ASN0195,J014,48.834665716786226
ASN0195,J013,50.44399026193659
ASN0196,J022,81.69065103683208
ASN0196,J030,81.12368083042851
ASN0196,J008,70.5960908199827
ASN0196,J025,76.4728415526965
ASN0196,J001,74.63008215157454
ASN0196,J009,82.1330727878225
ASN0196,J029,86.09647892509918
ASN0196,J012,87.53801569317778
ASN0197,J011,70.21743874124506
ASN0197,J027,88.1920976282253
ASN0197,J003,80.42527486597359
ASN0197,J029,67.88901514544017
ASN0197,J019,76.4611460193644
ASN0197,J018,81.75519403134548
ASN0197,J007,86.67104899587423
ASN0197,J020,80.54918486352565
ASN0198,J023,85.71043227889432
ASN0198,J004,83.48877028463878
ASN0198,J026,88.83490002234379
ASN0198,J005,85.63010444176822
ASN0198,J011,67.34240284785392
ASN0198,J027,83.19544122965189
ASN0198,J008,89.61338043699448
ASN0198,J010,89.9181101138327
ASN0199,J012,47.311067379905154
ASN0199,J017,45.452982557716524
ASN0199,J022,50.858892100826395
ASN0199,J005,40.046236435605366
ASN0199,J027,39.15899032468026
ASN0199,J010,40.16211676534119
ASN0199,J018,42.20293912726464
ASN0199,J028,47.23256942365273
ASN0200,J023,71.2737073464972
ASN0200,J026,59.96888133432182
ASN0200,J012,49.011332760846315
ASN0200,J020,65.51434238139606
ASN0200,J005,68.83085603656627
ASN0200,J027,61.23116601642244
ASN0200,J006,72.38577721865254
ASN0200,J010,67.3811562863644
ASN0201,J012,73.78939286552473
ASN0201,J006,75.49955613180656
ASN0201,J011,85.43323718280976
ASN0201,J002,72.7709866582941
ASN0201,J013,78.11062635509592
ASN0201,J004,63.69364900015114
ASN0201,J019,62.00812021300278
ASN0201,J025,76.53778492238676
ASN0202,J008,67.74948902912685
ASN0202,J028,52.059409084250994
ASN0202,J007,53.21262077779401
ASN0202,J015,42.75811835746913
ASN0202,J011,55.605907443598156
ASN0202,J027,61.77781781582445
ASN0202,J030,50.92140491258661
ASN0202,J017,45.91054200868635
ASN0203,J009,60.16085586440401
ASN0203,J005,57.83299013899958
ASN0203,J024,76.4831293038035
ASN0203,J025,56.52609725086297
ASN0203,J027,68.87579767006781
ASN0203,J018,60.40037212843622
ASN0203,J008,49.43752606058384
ASN0203,J001,70.69210270454096
ASN0204,J019,60.89538473687507
ASN0204,J007,65.24685518674184
ASN0204,J018,52.8491744701736
ASN0204,J010,63.192764761953526
ASN0204,J020,54.654198853750884
ASN0204,J026,60.16956200922947
ASN0204,J011,57.562828821306496
ASN0204,J027,52.30895212091326
ASN0205,J017,75.79301223331719
ASN0205,J012,87.22555430435288
ASN0205,J008,77.27297684338342
ASN0205,J013,68.73102085450772
ASN0205,J007,76.11744496732537
ASN0205,J026,79.32942652405615
ASN0205,J030,59.62841940882447
ASN0205,J001,79.38099889505334
ASN0206,J021,65.72824537095536
ASN0206,J017,58.455720194370166
ASN0206,J011,47.16215038029006
ASN0206,J030,47.320679441607936
ASN0206,J028,61.97347975052556
ASN0206,J009,63.80999028787271
ASN0206,J026,63.75719670448586
ASN0206,J020,57.92659632761667
ASN0207,J003,61.35189908105349
ASN0207,J010,56.40598889648345
ASN0207,J028,52.74513265087941
ASN0207,J023,66.77091356031772
ASN0207,J006,53.731443039744235
ASN0207,J002,59.543728807243824
ASN0207,J005,55.077322231404935
ASN0207,J004,49.6920591343615
ASN0208,J010,86.58032726762116
ASN0208,J011,78.66762439988374
ASN0208,J007,79.78941842980798
ASN0208,J028,80.9445222514197
ASN0208,J023,75.64494209623884
ASN0208,J026,70.9645490095901
ASN0208,J012,62.87052637288806
ASN0208,J017,83.11959415031141
ASN0209,J008,91.63595444007781
ASN0209,J026,90.48269223885163
ASN0209,J007,95.41948391939347
ASN0209,J011,82.19966657499815
ASN0209,J024,84.9940685669513
ASN0209,J021,96.937482594588
ASN0209,J030,87.20583576706917
ASN0209,J022,90.62230771186903
ASN0210,J011,69.22190930955692
ASN0210,J025,65.17647411091181
ASN0210,J018,77.72551432359141
ASN0210,J004,78.68411387862632
ASN0210,J006,66.40382443709049
ASN0210,J017,69.79209392503581
ASN0210,J014,66.08213258146455
ASN0210,J016,65.61443731027396
ASN0211,J029,41.551770966690256
ASN0211,J019,52.6322886412954
ASN0211,J006,39.06229139840004
ASN0211,J005,38.50040559814759
ASN0211,J008,54.18136305743424
ASN0211,J011,52.81280616362447
ASN0211,J014,50.18549208708093
ASN0211,J016,45.37568887387265
ASN0212,J029,66.47040416940801
ASN0212,J003,75.24049967679802
ASN0212,J020,78.34463219425011
ASN0212,J006,66.15181440046562
ASN0212,J028,69.40411147985266
ASN0212,J012,69.45955250948451
ASN0212,J016,70.16875629661656
ASN0212,J005,76.86485989261071
ASN0213,J013,38.036491990747365
ASN0213,J021,55.23195110094367
ASN0213,J012,65.08298636665646
ASN0213,J016,48.50964555494701
ASN0213,J003,49.98569094322135
ASN0213,J030,33.63222824847312
ASN0213,J014,58.41929149033904
ASN0213,J020,42.83814557095947
ASN0214,J025,61.00138084684865
ASN0214,J018,49.11504071513987
ASN0214,J030,58.311888409848066
ASN0214,J024,56.591673218112135
ASN0214,J023,60.58736989348921
ASN0214,J007,65.67638064310037
ASN0214,J011,74.04468634237023
ASN0214,J017,62.52748152198204
ASN0215,J008,63.55393711881736
ASN0215,J021,68.81069663732042
ASN0215,J014,75.33852732626328
ASN0215,J013,59.549485919087914
ASN0215,J020,55.15505399509652
ASN0215,J002,61.60738446880278
ASN0215,J025,68.07393744279716
ASN0215,J018,58.377823359350145
ASN0216,J014,71.31606432638665
ASN0216,J019,73.35714150123258
ASN0216,J018,69.3427995129685
ASN0216,J006,68.85682447828586
ASN0216,J023,73.11743803148654
ASN0216,J009,69.68397851471222
ASN0216,J008,71.94000292322531
ASN0216,J002,64.20079195883538
ASN0217,J008,73.20902410160397
ASN0217,J023,65.18526266081808
ASN0217,J022,70.58944260974279
ASN0217,J007,60.99504780368544
ASN0217,J014,69.7400867168213
ASN0217,J013,58.517069867640146
ASN0217,J002,53.80687894538973
ASN0217,J018,61.52733979768291
ASN0218,J014,65.29622342984966
ASN0218,J015,69.98358055585439
ASN0218,J024,60.050991080291176
ASN0218,J026,87.27210885943072
ASN0218,J025,86.49362632610739
ASN0218,J005,68.85873691256675
ASN0218,J001,66.32133095848758
ASN0218,J002,65.42517854914338
ASN0219,J025,64.98449300644442
ASN0219,J016,71.0478004988127
ASN0219,J015,55.06009210347843
ASN0219,J010,56.46427328734462
ASN0219,J009,65.99322081479866
ASN0219,J006,57.29378745183432
ASN0219,J017,63.58388605554284
ASN0219,J018,56.58191803303291
ASN0220,J017,70.48341277735406
ASN0220,J029,61.381239563812485
ASN0220,J004,57.51142258874651
ASN0220,J016,50.63134111811972
ASN0220,J003,63.91862827699828
ASN0220,J028,56.541817678514626
ASN0220,J024,55.59410393303011
ASN0220,J011,52.82627985045791
ASN0221,J006,62.66169761853121
ASN0221,J014,67.32831757070038
ASN0221,J015,61.023482706964096
ASN0221,J002,66.22708051871955
ASN0221,J018,54.16290812183834
ASN0221,J016,60.80021697861524
ASN0221,J028,58.472776506732835
ASN0221,J022,64.0534581384722
ASN0222,J026,72.05630704420068
ASN0222,J024,70.81322783061503
ASN0222,J010,74.23318272737428
ASN0222,J025,63.24881094046493
ASN0222,J021,70.17410328490229
ASN0222,J003,71.64442965689564
ASN0222,J013,80.91909873256995
ASN0222,J011,70.42268064458933
ASN0223,J021,81.8167626168622
ASN0223,J001,71.99454435240462
ASN0223,J020,83.70472720859199
ASN0223,J024,67.44951994100333
ASN0223,J003,89.66014346930541
ASN0223,J023,75.09870436213684
ASN0223,J004,86.78349952878095
ASN0223,J013,90.50684821842071
ASN0224,J019,55.53119331217347
ASN0224,J012,51.22004878493377
ASN0224,J018,58.73809503487022
ASN0224,J026,53.040690831484994
ASN0224,J022,52.27553101126469
ASN0224,J016,61.13955316908773
ASN0224,J020,67.3036680241565
ASN0224,J003,63.12783701985434
ASN0225,J030,50.433339963688866
ASN0225,J025,56.429628990482755
ASN0225,J005,50.804185239816306
ASN0225,J006,67.43186136400077
ASN0225,J022,63.2989422617567
ASN0225,J017,49.99348062013823
ASN0225,J011,66.12195506213895
ASN0225,J013,55.727155721640884
ASN0226,J009,76.06324528630377
ASN0226,J010,67.33456029861843
ASN0226,J016,78.2381195906671
ASN0226,J030,74.08415042698702
ASN0226,J015,73.12706517028579
ASN0226,J013,76.28510647901051
ASN0226,J018,78.1616497390972
ASN0226,J007,74.18196836101939
ASN0227,J013,88.50419342772706
ASN0227,J029,70.36058739535422
ASN0227,J019,76.78578842013741
ASN0227,J002,78.2330895563336
ASN0227,J025,59.22659081947713
ASN0227,J009,77.89257740419316
ASN0227,J024,66.0829981952648
ASN0227,J001,79.91378858555706
ASN0228,J023,55.28624115852282
ASN0228,J019,65.46843716917077
ASN0228,J002,59.31178977607396
ASN0228,J029,69.42600382783293
ASN0228,J018,58.84230451899377
ASN0228,J026,66.42413541087872
ASN0228,J007,56.423312138621974
ASN0228,J025,73.03608525259466
ASN0229,J024,77.02659959641291
ASN0229,J013,70.57370326690629
ASN0229,J028,68.64232279073539
ASN0229,J005,75.6245396693772
ASN0229,J026,82.8615868600709
ASN0229,J018,82.50600216087187
ASN0229,J015,78.78665556293163
ASN0229,J011,74.99057003509151
ASN0230,J027,76.26749097136987
ASN0230,J018,81.34761913675102
ASN0230,J010,73.77090087851627
ASN0230,J020,74.10765835509561
ASN0230,J028,71.77342601973558
ASN0230,J011,65.456168424573
ASN0230,J030,81.13571939376374
ASN0230,J022,75.22208029518433
ASN0231,J003,66.29589111173978
ASN0231,J027,58.327669484545666
ASN0231,J025,67.71828076378806
ASN0231,J028,64.07390962934998
ASN0231,J007,67.46517135507086
ASN0231,J012,62.671789733994615
ASN0231,J023,68.45665038148564
ASN0231,J002,60.51215522492395
ASN0232,J013,64.16017906787944
ASN0232,J010,66.44977852078846
ASN0232,J028,58.571438538582925
ASN0232,J005,64.98616380021149
ASN0232,J007,46.48333981900201
ASN0232,J011,51.65941013739568
ASN0232,J023,57.56292590088432
ASN0232,J017,54.989394537292505
ASN0233,J023,80.97725141449448
ASN0233,J012,69.26331366037641
ASN0233,J017,79.8950569968442
ASN0233,J019,75.15340972797374
ASN0233,J008,79.751736613163
ASN0233,J018,86.19880922126218
ASN0233,J014,68.18498435637734
ASN0233,J015,83.61022986418163
ASN0234,J030,34.752907363249356
ASN0234,J005,48.762121649732286
ASN0234,J014,51.53111764578585
ASN0234,J021,59.03485355992635
ASN0234,J002,49.6428279314487
ASN0234,J008,68.80965413226471
ASN0234,J013,35.08404115121187
ASN0234,J006,54.85769904121064
ASN0235,J029,69.39508707460901
ASN0235,J013,60.768349667871846
ASN0235,J005,59.62637698141013
ASN0235,J012,68.29295534643187
ASN0235,J015,67.51968174809
ASN0235,J007,70.63195170276681
ASN0235,J003,69.43296845491454
ASN0235,J010,64.88876094028397
ASN0236,J027,86.51018966281408
ASN0236,J014,73.77419701496157
ASN0236,J016,87.19331830716396
ASN0236,J012,76.9846117525804
ASN0236,J024,77.67410194621651
ASN0236,J003,88.04722224648964
ASN0236,J008,76.69999466207643
ASN0236,J019,82.37335751173687
ASN0237,J028,76.050983162389
ASN0237,J006,75.83285596182692
ASN0237,J017,73.29791680333739
ASN0237,J007,73.69707832901781
ASN0237,J019,66.50026596882174
ASN0237,J013,82.539308704718
ASN0237,J025,69.59370008831013
ASN0237,J012,71.8452099708225
ASN0238,J022,71.43508200743838
ASN0238,J015,68.03800858227567
ASN0238,J030,62.33088291748977
ASN0238,J024,73.88955401994633
ASN0238,J009,66.09624680274871
ASN0238,J013,65.90799128147475
ASN0238,J014,71.43310653870125
ASN0238,J027,72.68067201839399
ASN0239,J026,59.71728610671645
ASN0239,J002,59.5574176346891
ASN0239,J022,69.26451921377371
ASN0239,J007,64.53204332671802
ASN0239,J018,58.63192402360925
ASN0239,J012,56.13424089668612
ASN0239,J019,63.01159601904325
ASN0239,J017,65.98113803102957
ASN0240,J019,69.54386445317489
ASN0240,J013,64.08763118233276
ASN0240,J017,71.18249825592444
ASN0240,J024,58.08624984316575
ASN0240,J010,73.67065138899457
ASN0240,J022,65.44965788945464
ASN0240,J030,64.30414985670733
ASN0240,J014,63.11471613786283
ASN0241,J019,69.87319130804242
ASN0241,J018,80.9769273157057
ASN0241,J007,74.9592095759982
ASN0241,J029,69.68194486328477
ASN0241,J017,70.23431884181082
ASN0241,J020,69.71068829913602
ASN0241,J014,83.33493520091804
ASN0241,J008,72.47080760752787
ASN0242,J019,59.210008712034494
ASN0242,J027,57.19844052639295
ASN0242,J028,50.035565127783784
ASN0242,J021,57.59577611897824
ASN0242,J024,47.32190037616626
ASN0242,J029,46.74197972629215
ASN0242,J011,48.97987398435874
ASN0242,J004,52.56391808233171
ASN0243,J015,71.99881758791038
ASN0243,J018,65.93299115092306
ASN0243,J028,72.09287278399684
ASN0243,J026,80.18617364743298
ASN0243,J030,67.95100253317904
ASN0243,J019,65.23411828483974
ASN0243,J024,69.17132210382937
ASN0243,J005,73.01496535738515
ASN0244,J012,75.36836466601238
ASN0244,J027,85.32679050480908
ASN0244,J010,84.16432458235303
ASN0244,J022,77.45725635419173
ASN0244,J028,84.2115468204921
ASN0244,J023,89.91230685465625
ASN0244,J021,81.83120255669502
ASN0244,J004,80.30971193889341
ASN0245,J019,78.30589675479044
ASN0245,J001,82.16627732726775
ASN0245,J026,76.98411499175538
ASN0245,J025,89.65875152179905
ASN0245,J023,76.0446437520562
ASN0245,J006,82.92721269130956
ASN0245,J002,84.7549184140331
ASN0245,J010,94.20710621940897
ASN0246,J013,63.64631763216168
ASN0246,J030,63.45587004542054
ASN0246,J008,85.26418225112168
ASN0246,J027,61.42524438293013
ASN0246,J006,81.80698406599332
ASN0246,J003,68.97246028442483
ASN0246,J018,62.3570258766389
ASN0246,J028,77.07098917211172
ASN0247,J013,70.38599091910629
ASN0247,J016,72.26969524747935
ASN0247,J019,71.21055851501706
ASN0247,J006,74.34777490230937
ASN0247,J029,76.68735484275551
ASN0247,J007,69.08804116788687
ASN0247,J018,63.03335247325304
ASN0247,J015,75.07046147435119
ASN0248,J001,45.36603091629913
ASN0248,J006,49.53291559592193
ASN0248,J019,44.65261216613399
ASN0248,J007,29.67249515131691
ASN0248,J014,52.56174092868516
ASN0248,J003,36.332448274418056
ASN0248,J027,33.49953789344592
ASN0248,J020,23.489652426361342
ASN0249,J028,59.502364471891426
ASN0249,J013,59.747455415357166
ASN0249,J021,60.00573000592132
ASN0249,J010,50.20095265576844
ASN0249,J029,51.699025803359504
ASN0249,J012,43.17716495622578
ASN0249,J022,63.79353236385916
ASN0249,J001,57.64096289191335
ASN0250,J014,59.44726672356936
ASN0250,J006,65.82874476438462
ASN0250,J002,67.58821624171966
ASN0250,J030,63.97066882981952
ASN0250,J011,70.99283955646838
ASN0250,J008,67.18838741721413
ASN0250,J022,67.11225421505182
ASN0250,J007,61.13217641432474
ASN0251,J020,41.48694108156901
ASN0251,J018,44.69305976266301
ASN0251,J016,44.02684814689496
ASN0251,J012,49.01268790781247
ASN0251,J014,48.383975530022106
ASN0251,J011,42.46366085764821
ASN0251,J002,33.69080316505136
ASN0251,J006,45.16257263337272
ASN0252,J027,56.537412755740135
ASN0252,J018,64.03851398536847
ASN0252,J001,65.71281856821317
ASN0252,J024,65.59031876163107
ASN0252,J023,70.03210224358617
ASN0252,J025,75.29863115928028
ASN0252,J007,55.62601488412379
ASN0252,J004,61.736269973872815
ASN0253,J001,48.86072522422113
ASN0253,J020,42.50805863917563
ASN0253,J004,46.9983567771283
ASN0253,J008,46.98391658610707
ASN0253,J003,42.5631720527809
ASN0253,J015,43.18320311102778
ASN0253,J018,36.39410232313498
ASN0253,J011,51.878322690577825
ASN0254,J005,68.6198671660527
ASN0254,J011,79.0724653462778
ASN0254,J021,71.6309362024004
ASN0254,J025,73.56635649221327
ASN0254,J020,80.47633851718622
ASN0254,J007,74.2853011834208
ASN0254,J027,75.82933978091447
ASN0254,J019,75.21336920415136
ASN0255,J022,66.95743870205527
ASN0255,J004,65.07767738164257
ASN0255,J008,75.58060209156089
ASN0255,J028,75.07097369927888
ASN0255,J021,74.95824619696188
ASN0255,J027,71.45090566679045
ASN0255,J009,78.83604359247246
ASN0255,J011,68.80440752707591
ASN0256,J023,57.32301367128343
ASN0256,J028,53.49375876724529
ASN0256,J015,52.47308553399303
ASN0256,J005,59.53167942099291
ASN0256,J020,59.1680384273596
ASN0256,J006,56.514465378654876
ASN0256,J001,51.71122746226086
ASN0256,J030,46.966417006462635
ASN0257,J026,70.9608229489277
ASN0257,J010,79.46006467578731
ASN0257,J006,67.23048934401848
ASN0257,J015,63.26556814934694
ASN0257,J025,76.88204386225433
ASN0257,J012,76.00777869132422
ASN0257,J003,70.93640748129407
ASN0257,J017,70.22784392820948
ASN0258,J009,68.16256862225619
ASN0258,J027,63.521605907450116
ASN0258,J020,67.80624229402716
ASN0258,J018,64.12736588471509
ASN0258,J002,73.38924952209469
ASN0258,J012,70.7692991805043
ASN0258,J001,70.87521100134086
ASN0258,J007,73.30378118209195
ASN0259,J029,92.3525391806036
ASN0259,J002,82.82653686782025
ASN0259,J018,77.76450493622347
ASN0259,J010,81.70531621049149
ASN0259,J024,75.90156240685532
ASN0259,J011,83.50185850713376
ASN0259,J026,85.17585483411978
ASN0259,J007,86.9245395210032
ASN0260,J018,60.15853015689314
ASN0260,J030,53.035871166374925
ASN0260,J027,59.995631038186815
ASN0260,J011,59.999206205399155
ASN0260,J008,60.28416821076087
ASN0260,J006,55.31934751507818
ASN0260,J004,62.333256384813865
ASN0260,J014,56.50206872893857
ASN0261,J014,75.18185867969856
ASN0261,J002,75.62401956665772
ASN0261,J009,63.606577169712736
ASN0261,J024,56.45064092698652
ASN0261,J004,76.54008307625627
ASN0261,J026,70.53707079843221
ASN0261,J007,65.6026577121363
ASN0261,J015,66.4087396671266
ASN0262,J026,66.42071459630922
ASN0262,J010,67.34473755297688
ASN0262,J007,63.52470580821135
ASN0262,J017,65.97675879226598
ASN0262,J025,76.8788534738551
ASN0262,J029,68.12709144111058
ASN0262,J001,64.14785739100103
ASN0262,J008,74.0216215450053
ASN0263,J030,54.46111735922406
ASN0263,J025,59.868070245025315
ASN0263,J010,64.9698610813747
ASN0263,J005,58.970892545552786
ASN0263,J003,56.18940165291157
ASN0263,J024,59.516357718841874
ASN0263,J002,59.156524928339266
ASN0263,J029,58.92131481408636
ASN0264,J020,64.84970406012994
ASN0264,J006,74.11236173000778
ASN0264,J019,69.04982348497253
ASN0264,J003,78.9919976192257
ASN0264,J004,63.56161036874893
ASN0264,J009,62.86922066004738
ASN0264,J002,75.07110736512044
ASN0264,J026,70.01620347657754
ASN0265,J006,76.86918046930232
ASN0265,J004,75.0690793450999
ASN0265,J001,76.06663297854368
ASN0265,J002,74.11698465720495
ASN0265,J008,75.36537237181733
ASN0265,J019,79.43980647747075
ASN0265,J014,89.73028424408832
ASN0265,J018,76.60582390952744
ASN0266,J024,52.75370841092368
ASN0266,J029,50.56392100348964
ASN0266,J025,48.117871798079705
ASN0266,J007,51.34346422994814
ASN0266,J002,50.754417149040414
ASN0266,J020,46.8612945056203
ASN0266,J013,63.05609965199738
ASN0266,J023,68.08901379497583
ASN0267,J009,50.79879999081378
ASN0267,J007,53.68932839551336
ASN0267,J023,45.251166567133744
ASN0267,J008,49.23656469961469
ASN0267,J005,48.86799703079825
ASN0267,J020,42.78142759302688
ASN0267,J030,45.714511882297636
ASN0267,J022,54.733760534420796
ASN0268,J017,49.08273956684115
ASN0268,J001,42.69007293770978
ASN0268,J024,34.987469470319226
ASN0268,J008,52.24515877402637
ASN0268,J004,39.70005939627937
ASN0268,J010,49.402170920009276
ASN0268,J013,48.2943917225475
ASN0268,J030,53.64308792742075
ASN0269,J018,67.75293155808066
ASN0269,J013,59.65009720006799
ASN0269,J023,52.92086434908859
ASN0269,J002,58.33663200782585
ASN0269,J017,56.9766451378373
ASN0269,J012,49.28748865395645
ASN0269,J011,43.70459906943722
ASN0269,J025,57.531510233760095
ASN0270,J004,69.26916629679829
ASN0270,J001,67.08267183026892
ASN0270,J006,69.21150210641706
ASN0270,J021,72.69854417663261
ASN0270,J027,71.57334018168612
ASN0270,J012,65.89849629408681
ASN0270,J022,75.0336584213212
ASN0270,J009,55.54503019321785
ASN0271,J016,66.55544033465422
ASN0271,J019,74.98172920723948
ASN0271,J001,65.89108649989812
ASN0271,J008,64.84610572405192
ASN0271,J024,56.83828656463909
ASN0271,J005,59.42011276905095
ASN0271,J027,69.99328373134736
ASN0271,J022,68.48132159086072
ASN0272,J001,88.25618402560974
ASN0272,J021,83.5310427842351
ASN0272,J013,77.80351939501291
ASN0272,J030,72.9272921029239
ASN0272,J026,75.30645892929314
ASN0272,J009,67.92184326465674
ASN0272,J005,77.75713565708766
ASN0272,J018,75.56544883494372
ASN0273,J013,33.74181126937509
ASN0273,J006,50.876910679389425
ASN0273,J030,26.88043406287539
ASN0273,J017,43.83221657381403
ASN0273,J007,47.20843403621244
ASN0273,J024,61.13081057103844
ASN0273,J021,48.18399009382624
ASN0273,J002,47.168692796027344
ASN0274,J007,62.43336980103677
ASN0274,J018,65.70169326706355
ASN0274,J019,59.02719561948165
ASN0274,J028,59.58700760899486
ASN0274,J004,59.674188760761766
ASN0274,J016,55.93825466104369
ASN0274,J005,62.286988900421036
ASN0274,J027,54.99260414285359
ASN0275,J024,66.88283808907877
ASN0275,J007,63.27563554869371
ASN0275,J029,68.77128225977785
ASN0275,J030,80.78288183931988
ASN0275,J001,61.6434969518385
ASN0275,J026,71.19219432034706
ASN0275,J003,68.89272961267073
ASN0275,J018,81.25968043635677
ASN0276,J024,77.97504742736706
ASN0276,J007,70.22464285691782
ASN0276,J004,67.40483242349492
ASN0276,J006,66.59367617271039
ASN0276,J019,72.46306829819831
ASN0276,J012,61.683276527135845
ASN0276,J016,66.7391577829757
ASN0276,J014,66.28423532478071
ASN0277,J023,55.15242369581088
ASN0277,J015,59.72128536808183
ASN0277,J004,66.83111685700374
ASN0277,J001,57.48555369035351
ASN0277,J011,57.392703153077505
ASN0277,J022,65.88321788428415
ASN0277,J028,66.43343927862412
ASN0277,J027,57.781587949108726
ASN0278,J012,68.52298616242541
ASN0278,J004,73.06288626835783
ASN0278,J019,78.71190368598761
ASN0278,J020,73.36415216826823
ASN0278,J001,74.59230032048501
ASN0278,J016,77.27074677991321
ASN0278,J027,70.59772881277611
ASN0278,J002,68.80186757239355
ASN0279,J016,51.86866323092591
ASN0279,J004,54.392806226443376
ASN0279,J020,47.43562119565562
ASN0279,J008,60.01950033644785
ASN0279,J025,66.41712506208619
ASN0279,J009,46.54097386297002
ASN0279,J022,51.557920012278906
ASN0279,J015,51.51049329982007
ASN0280,J006,73.4674675777571
ASN0280,J016,57.27135207747735
ASN0280,J028,67.06734249780727
ASN0280,J024,70.10531983180938
ASN0280,J009,63.70425509908758
ASN0280,J026,61.01994340802368
ASN0280,J011,67.92981763563702
ASN0280,J027,71.43218056036376
ASN0281,J006,76.53764477893883
ASN0281,J030,77.36189845367632
ASN0281,J002,80.16479480406394
ASN0281,J012,96.58944949988226
ASN0281,J023,90.10095664291288
ASN0281,J028,81.33019366685534
ASN0281,J018,70.61562760289776
ASN0281,J011,88.3366750260808
ASN0282,J006,78.77319015778582
ASN0282,J022,72.80607435900812
ASN0282,J023,73.4163767264516
ASN0282,J005,75.28892861502254
ASN0282,J015,68.92545375983411
ASN0282,J027,74.16631411883122
ASN0282,J013,78.52273559115126
ASN0282,J028,64.28156858201143
ASN0283,J004,73.61903663074177
ASN0283,J002,65.47832208716616
ASN0283,J025,66.01384654926609
ASN0283,J013,59.982216872576295
ASN0283,J024,55.86107308133648
ASN0283,J028,67.2763014986408
ASN0283,J014,62.34897405111723
ASN0283,J016,66.5490603797819
ASN0284,J007,69.80578519176134
ASN0284,J026,63.93256563874333
ASN0284,J017,72.25879268747592
ASN0284,J021,68.7397178746409
ASN0284,J014,63.95541285259049
ASN0284,J024,56.492706928717354
ASN0284,J025,79.52242447603896
ASN0284,J005,72.56761679182057
ASN0285,J013,58.376818040202465
ASN0285,J028,62.16397870275894
ASN0285,J021,56.040430844136125
ASN0285,J020,57.765670187325
ASN0285,J025,57.59053291866986
ASN0285,J024,62.88053320712503
ASN0285,J018,55.82388720301271
ASN0285,J017,49.70200999463484
ASN0286,J021,74.74676051030839
ASN0286,J002,71.22506192540415
ASN0286,J020,74.34784948435735
ASN0286,J027,69.92876908574009
ASN0286,J028,64.86913827480937
ASN0286,J005,73.8658504386667
ASN0286,J015,74.15143004887575
ASN0286,J022,67.38231463967564
ASN0287,J028,87.21839721409722
ASN0287,J016,93.76180688652123
ASN0287,J017,88.0790300258757
ASN0287,J020,84.44780235063229
ASN0287,J002,91.86994431123578
ASN0287,J024,81.14723050115646
ASN0287,J008,86.87271789148042
ASN0287,J014,77.80400594467963
ASN0288,J004,62.54769624583542
ASN0288,J009,61.75907963682073
ASN0288,J027,60.318947762928
ASN0288,J003,61.95511613546033
ASN0288,J017,68.08016049485066
ASN0288,J025,53.65139256436257
ASN0288,J014,72.61432657687885
ASN0288,J013,61.809261308374786
ASN0289,J006,77.60485480728444
ASN0289,J009,68.12330975651041
ASN0289,J010,76.93807147324722
ASN0289,J023,80.25970608086783
ASN0289,J008,76.59068169317379
ASN0289,J022,73.75389570649202
ASN0289,J016,90.07424820168346
ASN0289,J003,75.85624986204843
ASN0290,J005,61.97695029466622
ASN0290,J030,59.32351380333469
ASN0290,J020,53.34839364028279
ASN0290,J016,66.76000243191463
ASN0290,J026,66.25332618925295
ASN0290,J014,85.1495510052192
ASN0290,J007,68.8164861678939
ASN0290,J022,61.94606656767059
ASN0291,J028,85.40896300290463
ASN0291,J001,78.37321105430611
ASN0291,J010,83.66581699464282
ASN0291,J009,86.37280115679175
ASN0291,J020,86.75597050873645
ASN0291,J006,72.63420901963963
ASN0291,J019,83.90561493321565
ASN0291,J027,86.10390312150115
ASN0292,J007,79.63176968077545
ASN0292,J010,81.50547491658594
ASN0292,J030,83.06322861931832
ASN0292,J027,74.70868486447044
ASN0292,J019,70.36699596954223
ASN0292,J029,73.48712815623443
ASN0292,J017,68.76307417683128
ASN0292,J024,74.18012032190443
ASN0293,J010,44.063925043355425
ASN0293,J027,47.40343634385156
ASN0293,J009,58.39625559611939
ASN0293,J023,55.65103308062136
ASN0293,J024,60.47038643296843
ASN0293,J001,49.02166629227763
ASN0293,J018,46.27612737302096
ASN0293,J020,58.825636718602865
ASN0294,J001,54.23180080546207
ASN0294,J012,60.87553046134873
ASN0294,J023,55.40720050800959
ASN0294,J020,47.528885254972955
ASN0294,J005,52.867240784404544
ASN0294,J009,52.33556485749449
ASN0294,J018,50.49529623541553
ASN0294,J004,58.03637165332616
ASN0295,J011,68.73734330492353
ASN0295,J021,71.1285112623463
ASN0295,J027,70.09570472523586
ASN0295,J016,68.62998018731656
ASN0295,J030,73.16407834862137
ASN0295,J020,66.82704158701527
ASN0295,J004,78.22228195044354
ASN0295,J025,63.46950037894994
ASN0296,J003,69.82779407446657
ASN0296,J027,71.03293873389809
ASN0296,J019,54.67756824491844
ASN0296,J013,64.92732567997864
ASN0296,J024,68.5414753561391
ASN0296,J020,64.89609236791995
ASN0296,J009,73.27614014282004
ASN0296,J018,68.35413242288116
ASN0297,J016,51.021504328415624
ASN0297,J015,47.64776046500245
ASN0297,J002,46.675726657558016
ASN0297,J014,56.60738717448135
ASN0297,J019,47.317911857584406
ASN0297,J004,48.15552610656839
ASN0297,J017,50.50489517610656
ASN0297,J013,43.3695550054577
ASN0298,J012,58.49411894549681
ASN0298,J024,62.128181690860345
ASN0298,J014,61.0347581985743
ASN0298,J028,55.0351548658018
ASN0298,J020,60.55472673092386
ASN0298,J003,61.2532435540611
ASN0298,J030,64.49681703653984
ASN0298,J004,61.036898559587854
ASN0299,J017,53.18711969386762
ASN0299,J025,52.25722271341972
ASN0299,J009,49.554012680494665
ASN0299,J014,52.60540273824519
ASN0299,J001,57.362924343690054
ASN0299,J030,51.914855468724824
ASN0299,J016,52.83870822419923
ASN0299,J018,53.16581977000367
ASN0300,J019,55.871135036455264
ASN0300,J009,50.90561843899012
ASN0300,J018,59.49430637310895
ASN0300,J001,62.20440781695304
ASN0300,J011,62.82580315930187
ASN0300,J007,56.650866457318955
ASN0300,J004,61.05614894772209
ASN0300,J023,62.37048794544346
